window_size,unique_id,phase_id,grp,sdcor,tr_model
100,O-1,5,Operator-Bullet-Machine,0,FALSE
100,O-1,5,Bullet-Operator,0.17092911937164315,FALSE
100,O-1,5,Operator-Machine,0.03515449008876212,FALSE
100,O-1,5,Operator,0.05887552190598222,FALSE
100,O-1,5,Bullet-Machine,0.09912777704856392,FALSE
100,O-1,5,Bullet,0.4964544960725074,FALSE
100,O-1,5,Machine,9.171406934786833e-4,FALSE
100,O-1,5,Residual,0.5380368067844898,FALSE
100,O-1,6,Operator-Bullet-Machine,0,FALSE
100,O-1,6,Bullet-Operator,0.1650277450832413,FALSE
100,O-1,6,Operator-Machine,0.04699741529065998,FALSE
100,O-1,6,Operator,0.06545985554123343,FALSE
100,O-1,6,Bullet-Machine,0.09884924150351815,FALSE
100,O-1,6,Bullet,0.4649642065723743,FALSE
100,O-1,6,Machine,0.03921927840620069,FALSE
100,O-1,6,Residual,0.537324638181754,FALSE
100,O-1,7,Operator-Bullet-Machine,1.8535718405737663e-4,FALSE
100,O-1,7,Bullet-Operator,0.14763527372990556,FALSE
100,O-1,7,Operator-Machine,0.04233532958933761,FALSE
100,O-1,7,Operator,0.06859119748890014,FALSE
100,O-1,7,Bullet-Machine,0.0749285472978309,FALSE
100,O-1,7,Bullet,0.47330185782906403,FALSE
100,O-1,7,Machine,0.06018334966219453,FALSE
100,O-1,7,Residual,0.5372141633081593,FALSE
100,O-1,8,Operator-Bullet-Machine,0,FALSE
100,O-1,8,Bullet-Operator,0.13258558375462542,FALSE
100,O-1,8,Operator-Machine,4.960690595686515e-5,FALSE
100,O-1,8,Operator,0.07335052085529976,FALSE
100,O-1,8,Bullet-Machine,0.02357070357862919,FALSE
100,O-1,8,Bullet,0.5222601820396598,FALSE
100,O-1,8,Machine,0.061954644829063946,FALSE
100,O-1,8,Residual,0.54252409004556,FALSE
100,O-1,9,Operator-Bullet-Machine,0,FALSE
100,O-1,9,Bullet-Operator,0.13081706049003203,FALSE
100,O-1,9,Operator-Machine,2.996663613158588e-4,FALSE
100,O-1,9,Operator,0.07799941846401674,FALSE
100,O-1,9,Bullet-Machine,1.6171135491762278e-5,FALSE
100,O-1,9,Bullet,0.5604544131711388,FALSE
100,O-1,9,Machine,0.04695729278288221,FALSE
100,O-1,9,Residual,0.5420472719682564,FALSE
100,O-1,10,Operator-Bullet-Machine,0,FALSE
100,O-1,10,Bullet-Operator,0.12499696654089783,FALSE
100,O-1,10,Operator-Machine,3.086938226773044e-5,FALSE
100,O-1,10,Operator,0.07099412232832643,FALSE
100,O-1,10,Bullet-Machine,0.03875230853722309,FALSE
100,O-1,10,Bullet,0.5707573161550233,FALSE
100,O-1,10,Machine,0.05288576218115554,FALSE
100,O-1,10,Residual,0.5192558175461587,FALSE
100,O-1,1,Operator-Bullet-Machine,0,FALSE
100,O-1,1,Bullet-Operator,0.12663162332908814,FALSE
100,O-1,1,Operator-Machine,0.044401638784576425,FALSE
100,O-1,1,Operator,0.07646937607249144,FALSE
100,O-1,1,Bullet-Machine,0.07998365894521076,FALSE
100,O-1,1,Bullet,0.5445355743891781,FALSE
100,O-1,1,Machine,0.05762370886051172,FALSE
100,O-1,1,Residual,0.5175611296733779,FALSE
100,O-1,2,Operator-Bullet-Machine,6.788797194427112e-5,FALSE
100,O-1,2,Bullet-Operator,0.13972356790835766,FALSE
100,O-1,2,Operator-Machine,0.0543452836209478,FALSE
100,O-1,2,Operator,0.07847236671170002,FALSE
100,O-1,2,Bullet-Machine,0.09575698588332354,FALSE
100,O-1,2,Bullet,0.520316426390096,FALSE
100,O-1,2,Machine,0.04998461766361328,FALSE
100,O-1,2,Residual,0.5169777823084009,FALSE
100,O-1,3,Operator-Bullet-Machine,4.1894784223951093e-5,FALSE
100,O-1,3,Bullet-Operator,0.14880145227047054,FALSE
100,O-1,3,Operator-Machine,0.052888512352756635,FALSE
100,O-1,3,Operator,0.07479457967721669,FALSE
100,O-1,3,Bullet-Machine,0.08980709912856055,FALSE
100,O-1,3,Bullet,0.5187195360606499,FALSE
100,O-1,3,Machine,0.02845701505265407,FALSE
100,O-1,3,Residual,0.5171415653104671,FALSE
100,O-1,4,Operator-Bullet-Machine,0,FALSE
100,O-1,4,Bullet-Operator,0.15747881602568214,FALSE
100,O-1,4,Operator-Machine,0.03322417547579971,FALSE
100,O-1,4,Operator,0.06350411072527418,FALSE
100,O-1,4,Bullet-Machine,0.0878547346300011,FALSE
100,O-1,4,Bullet,0.526562062321475,FALSE
100,O-1,4,Machine,0,FALSE
100,O-1,4,Residual,0.5166550517346808,FALSE
100,O-2,1,Operator-Bullet-Machine,0.0904601550826667,FALSE
100,O-2,1,Bullet-Operator,0.041801156803069985,FALSE
100,O-2,1,Operator-Machine,0.05096834084606032,FALSE
100,O-2,1,Operator,0.098193832939879,FALSE
100,O-2,1,Bullet-Machine,2.9912661727059755e-5,FALSE
100,O-2,1,Bullet,0.5520801841481247,FALSE
100,O-2,1,Machine,0.08735414777188573,FALSE
100,O-2,1,Residual,0.5386442723970468,FALSE
100,O-2,2,Operator-Bullet-Machine,0.07594715776651838,FALSE
100,O-2,2,Bullet-Operator,0.05409918213246782,FALSE
100,O-2,2,Operator-Machine,0.026686794907052405,FALSE
100,O-2,2,Operator,0.10735641242360176,FALSE
100,O-2,2,Bullet-Machine,0,FALSE
100,O-2,2,Bullet,0.5244296766150583,FALSE
100,O-2,2,Machine,0.07998720444950021,FALSE
100,O-2,2,Residual,0.5329941272166713,FALSE
100,O-2,3,Operator-Bullet-Machine,0.05345236488825985,FALSE
100,O-2,3,Bullet-Operator,0.06072021060759086,FALSE
100,O-2,3,Operator-Machine,1.9829843748457583e-5,FALSE
100,O-2,3,Operator,0.09746767254768801,FALSE
100,O-2,3,Bullet-Machine,0,FALSE
100,O-2,3,Bullet,0.4795288387440973,FALSE
100,O-2,3,Machine,0.0819141159710045,FALSE
100,O-2,3,Residual,0.5248745611876617,FALSE
100,O-2,4,Operator-Bullet-Machine,3.624450129631563e-5,FALSE
100,O-2,4,Bullet-Operator,0.08058826786786973,FALSE
100,O-2,4,Operator-Machine,0,FALSE
100,O-2,4,Operator,0.08979615032240144,FALSE
100,O-2,4,Bullet-Machine,5.757235174455427e-5,FALSE
100,O-2,4,Bullet,0.4213607386228853,FALSE
100,O-2,4,Machine,0.08170191264653394,FALSE
100,O-2,4,Residual,0.5244747756229208,FALSE
100,O-2,5,Operator-Bullet-Machine,0.03613800876554761,FALSE
100,O-2,5,Bullet-Operator,0.08294781373268427,FALSE
100,O-2,5,Operator-Machine,0,FALSE
100,O-2,5,Operator,0.07846022475401503,FALSE
100,O-2,5,Bullet-Machine,2.640115346831998e-4,FALSE
100,O-2,5,Bullet,0.3662743602398965,FALSE
100,O-2,5,Machine,0.08464090853709193,FALSE
100,O-2,5,Residual,0.535466214354649,FALSE
100,O-2,6,Operator-Bullet-Machine,0.06262675304067883,FALSE
100,O-2,6,Bullet-Operator,0.06423146523436318,FALSE
100,O-2,6,Operator-Machine,0,FALSE
100,O-2,6,Operator,0.07625504715648086,FALSE
100,O-2,6,Bullet-Machine,0,FALSE
100,O-2,6,Bullet,0.3189272233784456,FALSE
100,O-2,6,Machine,0.08661659038151956,FALSE
100,O-2,6,Residual,0.5602010287972315,FALSE
100,O-2,7,Operator-Bullet-Machine,0.062212380778175494,FALSE
100,O-2,7,Bullet-Operator,0.04086434426138174,FALSE
100,O-2,7,Operator-Machine,7.135499890216314e-5,FALSE
100,O-2,7,Operator,0.07108194660801866,FALSE
100,O-2,7,Bullet-Machine,1.125361645802549e-5,FALSE
100,O-2,7,Bullet,0.33133294120096907,FALSE
100,O-2,7,Machine,0.0923857691430059,FALSE
100,O-2,7,Residual,0.594483882254732,FALSE
100,O-2,8,Operator-Bullet-Machine,0.08050584505479988,FALSE
100,O-2,8,Bullet-Operator,0,FALSE
100,O-2,8,Operator-Machine,8.25977484712007e-5,FALSE
100,O-2,8,Operator,0.05884741266473787,FALSE
100,O-2,8,Bullet-Machine,0,FALSE
100,O-2,8,Bullet,0.4096537357695554,FALSE
100,O-2,8,Machine,0.08205356458287033,FALSE
100,O-2,8,Residual,0.5764018081565805,FALSE
100,O-2,9,Operator-Bullet-Machine,0.0930950783455932,FALSE
100,O-2,9,Bullet-Operator,3.84796754223968e-5,FALSE
100,O-2,9,Operator-Machine,0.04064733706638815,FALSE
100,O-2,9,Operator,0.04782984953299848,FALSE
100,O-2,9,Bullet-Machine,0,FALSE
100,O-2,9,Bullet,0.49616028764740666,FALSE
100,O-2,9,Machine,0.08099012765812906,FALSE
100,O-2,9,Residual,0.5654862939316562,FALSE
100,O-2,10,Operator-Bullet-Machine,0.09283800407174948,FALSE
100,O-2,10,Bullet-Operator,7.05945656990227e-5,FALSE
100,O-2,10,Operator-Machine,0.061283260142702606,FALSE
100,O-2,10,Operator,0.07472274071373097,FALSE
100,O-2,10,Bullet-Machine,0,FALSE
100,O-2,10,Bullet,0.5462351081325323,FALSE
100,O-2,10,Machine,0.08867581308966727,FALSE
100,O-2,10,Residual,0.552020665360355,FALSE
100,O-3,3,Operator-Bullet-Machine,5.2241367685123305e-5,FALSE
100,O-3,3,Bullet-Operator,0.1120603226115704,FALSE
100,O-3,3,Operator-Machine,0,FALSE
100,O-3,3,Operator,0,FALSE
100,O-3,3,Bullet-Machine,0.09200951967892515,FALSE
100,O-3,3,Bullet,0.5191593220552287,FALSE
100,O-3,3,Machine,0.0861838716494539,FALSE
100,O-3,3,Residual,0.46036416093640853,FALSE
100,O-3,4,Operator-Bullet-Machine,8.704020595463343e-6,FALSE
100,O-3,4,Bullet-Operator,0.13648729052627043,FALSE
100,O-3,4,Operator-Machine,2.413909134174105e-5,FALSE
100,O-3,4,Operator,0,FALSE
100,O-3,4,Bullet-Machine,0.07508128623675289,FALSE
100,O-3,4,Bullet,0.4570603419425476,FALSE
100,O-3,4,Machine,0.09684539952175544,FALSE
100,O-3,4,Residual,0.44102982696333437,FALSE
100,O-3,5,Operator-Bullet-Machine,0.04498338748465433,FALSE
100,O-3,5,Bullet-Operator,0.11722262724625926,FALSE
100,O-3,5,Operator-Machine,0.023522818820825565,FALSE
100,O-3,5,Operator,0,FALSE
100,O-3,5,Bullet-Machine,0.030628826136870645,FALSE
100,O-3,5,Bullet,0.4363914664240334,FALSE
100,O-3,5,Machine,0.0943516552747972,FALSE
100,O-3,5,Residual,0.42670527639152106,FALSE
100,O-3,6,Operator-Bullet-Machine,1.635425263208028e-5,FALSE
100,O-3,6,Bullet-Operator,0.12371228353210062,FALSE
100,O-3,6,Operator-Machine,0.03696897988327152,FALSE
100,O-3,6,Operator,9.693456718739593e-6,FALSE
100,O-3,6,Bullet-Machine,0.03690960365012057,FALSE
100,O-3,6,Bullet,0.4925932849270443,FALSE
100,O-3,6,Machine,0.0791078429314251,FALSE
100,O-3,6,Residual,0.3976915593312852,FALSE
100,O-3,7,Operator-Bullet-Machine,0.02590311825591754,FALSE
100,O-3,7,Bullet-Operator,0.14607364388178892,FALSE
100,O-3,7,Operator-Machine,0.03765248984372998,FALSE
100,O-3,7,Operator,5.730198617648648e-6,FALSE
100,O-3,7,Bullet-Machine,0.030495620337502517,FALSE
100,O-3,7,Bullet,0.5650335057119515,FALSE
100,O-3,7,Machine,0.07253891192008656,FALSE
100,O-3,7,Residual,0.40593498870354844,FALSE
100,O-3,8,Operator-Bullet-Machine,0.05026470627505399,FALSE
100,O-3,8,Bullet-Operator,0.155078303340346,FALSE
100,O-3,8,Operator-Machine,0.031441249446488184,FALSE
100,O-3,8,Operator,9.313887428077623e-6,FALSE
100,O-3,8,Bullet-Machine,0.03110980946789035,FALSE
100,O-3,8,Bullet,0.6101181025560517,FALSE
100,O-3,8,Machine,0.07833440037673096,FALSE
100,O-3,8,Residual,0.4042924611480344,FALSE
100,O-3,9,Operator-Bullet-Machine,0.043406042395121386,FALSE
100,O-3,9,Bullet-Operator,0.14267584798314742,FALSE
100,O-3,9,Operator-Machine,0.03745910551962952,FALSE
100,O-3,9,Operator,0,FALSE
100,O-3,9,Bullet-Machine,0.02639740570253284,FALSE
100,O-3,9,Bullet,0.62420311563546,FALSE
100,O-3,9,Machine,0.08140830753727253,FALSE
100,O-3,9,Residual,0.39394209448648937,FALSE
100,O-3,10,Operator-Bullet-Machine,0.04539352888826963,FALSE
100,O-3,10,Bullet-Operator,0.12319070150876167,FALSE
100,O-3,10,Operator-Machine,0.044416567803870696,FALSE
100,O-3,10,Operator,0.020159791179711138,FALSE
100,O-3,10,Bullet-Machine,0.027990671256770506,FALSE
100,O-3,10,Bullet,0.6239934136253045,FALSE
100,O-3,10,Machine,0.07947761083731651,FALSE
100,O-3,10,Residual,0.3977942360009961,FALSE
100,O-3,1,Operator-Bullet-Machine,0.01769183431336111,FALSE
100,O-3,1,Bullet-Operator,0.1366889268643247,FALSE
100,O-3,1,Operator-Machine,0.033390594213559194,FALSE
100,O-3,1,Operator,0.011355707530378454,FALSE
100,O-3,1,Bullet-Machine,0.03567374762094658,FALSE
100,O-3,1,Bullet,0.6136030838072012,FALSE
100,O-3,1,Machine,0.07729295758704474,FALSE
100,O-3,1,Residual,0.4289918039940347,FALSE
100,O-3,2,Operator-Bullet-Machine,0,FALSE
100,O-3,2,Bullet-Operator,0.11870812747787866,FALSE
100,O-3,2,Operator-Machine,0,FALSE
100,O-3,2,Operator,0,FALSE
100,O-3,2,Bullet-Machine,0.05619634624872952,FALSE
100,O-3,2,Bullet,0.5809753940736492,FALSE
100,O-3,2,Machine,0.07669548960756584,FALSE
100,O-3,2,Residual,0.4475188582325184,FALSE
100,O-4,9,Operator-Bullet-Machine,0.1815776856886891,FALSE
100,O-4,9,Bullet-Operator,0.20201591176455208,FALSE
100,O-4,9,Operator-Machine,9.764520043930199e-6,FALSE
100,O-4,9,Operator,1.8102295866738082e-5,FALSE
100,O-4,9,Bullet-Machine,0.08923433931912975,FALSE
100,O-4,9,Bullet,0.8780171014124786,FALSE
100,O-4,9,Machine,0,FALSE
100,O-4,9,Residual,0.5718526426142482,FALSE
100,O-4,10,Operator-Bullet-Machine,0.1822881518140084,FALSE
100,O-4,10,Bullet-Operator,0.18822352337575418,FALSE
100,O-4,10,Operator-Machine,3.2910995495658775e-5,FALSE
100,O-4,10,Operator,0,FALSE
100,O-4,10,Bullet-Machine,0.07328815783697627,FALSE
100,O-4,10,Bullet,0.7812308148494885,FALSE
100,O-4,10,Machine,0.029805495261000608,FALSE
100,O-4,10,Residual,0.5956742795824386,FALSE
100,O-4,1,Operator-Bullet-Machine,0.16330934444237,FALSE
100,O-4,1,Bullet-Operator,0.17602902929245343,FALSE
100,O-4,1,Operator-Machine,0,FALSE
100,O-4,1,Operator,0,FALSE
100,O-4,1,Bullet-Machine,1.3952435379346875e-5,FALSE
100,O-4,1,Bullet,0.7511776791359847,FALSE
100,O-4,1,Machine,0.0540737698783068,FALSE
100,O-4,1,Residual,0.5970389573344101,FALSE
100,O-4,2,Operator-Bullet-Machine,0.11220391871303208,FALSE
100,O-4,2,Bullet-Operator,0.16115439399928808,FALSE
100,O-4,2,Operator-Machine,0.07628330077265907,FALSE
100,O-4,2,Operator,0.035854895839885034,FALSE
100,O-4,2,Bullet-Machine,0,FALSE
100,O-4,2,Bullet,0.7705162214487187,FALSE
100,O-4,2,Machine,0.04619465691248896,FALSE
100,O-4,2,Residual,0.6001890760583685,FALSE
100,O-4,3,Operator-Bullet-Machine,0.07839119007380374,FALSE
100,O-4,3,Bullet-Operator,0.1614546289175901,FALSE
100,O-4,3,Operator-Machine,0.09779787939653035,FALSE
100,O-4,3,Operator,0,FALSE
100,O-4,3,Bullet-Machine,0,FALSE
100,O-4,3,Bullet,0.7424806702068528,FALSE
100,O-4,3,Machine,0.051350807521307155,FALSE
100,O-4,3,Residual,0.6058699972314106,FALSE
100,O-4,4,Operator-Bullet-Machine,0.11348878968082755,FALSE
100,O-4,4,Bullet-Operator,0.16688709137162439,FALSE
100,O-4,4,Operator-Machine,0.059322537934787,FALSE
100,O-4,4,Operator,6.499214454998091e-6,FALSE
100,O-4,4,Bullet-Machine,0,FALSE
100,O-4,4,Bullet,0.6599057415468188,FALSE
100,O-4,4,Machine,0.059943426105596595,FALSE
100,O-4,4,Residual,0.6004177861760656,FALSE
100,O-4,5,Operator-Bullet-Machine,0.12953940915418954,FALSE
100,O-4,5,Bullet-Operator,0.16939509841625416,FALSE
100,O-4,5,Operator-Machine,1.631519194427248e-4,FALSE
100,O-4,5,Operator,9.65710375848441e-5,FALSE
100,O-4,5,Bullet-Machine,0.006456078690393097,FALSE
100,O-4,5,Bullet,0.6495913379685612,FALSE
100,O-4,5,Machine,0.04553712232108949,FALSE
100,O-4,5,Residual,0.5890012786004233,FALSE
100,O-4,6,Operator-Bullet-Machine,0.12064769733358618,FALSE
100,O-4,6,Bullet-Operator,0.16476132321674838,FALSE
100,O-4,6,Operator-Machine,0,FALSE
100,O-4,6,Operator,0,FALSE
100,O-4,6,Bullet-Machine,0.0731934719813905,FALSE
100,O-4,6,Bullet,0.8131197934465677,FALSE
100,O-4,6,Machine,0,FALSE
100,O-4,6,Residual,0.5675850618193155,FALSE
100,O-4,7,Operator-Bullet-Machine,0.13573757759514407,FALSE
100,O-4,7,Bullet-Operator,0.17972028496988898,FALSE
100,O-4,7,Operator-Machine,1.3603499891847454e-4,FALSE
100,O-4,7,Operator,0,FALSE
100,O-4,7,Bullet-Machine,0.08675845816108878,FALSE
100,O-4,7,Bullet,0.9534549310076146,FALSE
100,O-4,7,Machine,0,FALSE
100,O-4,7,Residual,0.5764967441280128,FALSE
100,O-4,8,Operator-Bullet-Machine,0.16396215718936977,FALSE
100,O-4,8,Bullet-Operator,0.2015064303283861,FALSE
100,O-4,8,Operator-Machine,0,FALSE
100,O-4,8,Operator,0,FALSE
100,O-4,8,Bullet-Machine,0.08895513870108732,FALSE
100,O-4,8,Bullet,0.9798679097084938,FALSE
100,O-4,8,Machine,0,FALSE
100,O-4,8,Residual,0.5575204531375078,FALSE
100,O-5,10,Operator-Bullet-Machine,2.1047255318265692e-5,FALSE
100,O-5,10,Bullet-Operator,0.2582337903954254,FALSE
100,O-5,10,Operator-Machine,0,FALSE
100,O-5,10,Operator,0.07895987025947089,FALSE
100,O-5,10,Bullet-Machine,0,FALSE
100,O-5,10,Bullet,0.5238318376224206,FALSE
100,O-5,10,Machine,0.07528567268196124,FALSE
100,O-5,10,Residual,0.7650205776600489,FALSE
100,O-5,1,Operator-Bullet-Machine,1.0480579164270338e-5,FALSE
100,O-5,1,Bullet-Operator,0.2584202503338288,FALSE
100,O-5,1,Operator-Machine,0,FALSE
100,O-5,1,Operator,0.07352450523163616,FALSE
100,O-5,1,Bullet-Machine,0,FALSE
100,O-5,1,Bullet,0.4912221776222506,FALSE
100,O-5,1,Machine,0.06882995014452309,FALSE
100,O-5,1,Residual,0.7364267713011758,FALSE
100,O-5,2,Operator-Bullet-Machine,0,FALSE
100,O-5,2,Bullet-Operator,0.24821938072814603,FALSE
100,O-5,2,Operator-Machine,0,FALSE
100,O-5,2,Operator,0.05240079212322041,FALSE
100,O-5,2,Bullet-Machine,0,FALSE
100,O-5,2,Bullet,0.48690280418274157,FALSE
100,O-5,2,Machine,0.0706169878551099,FALSE
100,O-5,2,Residual,0.6945176699440931,FALSE
100,O-5,3,Operator-Bullet-Machine,0,FALSE
100,O-5,3,Bullet-Operator,0.264569394257304,FALSE
100,O-5,3,Operator-Machine,0,FALSE
100,O-5,3,Operator,0.0043817958485347875,FALSE
100,O-5,3,Bullet-Machine,0,FALSE
100,O-5,3,Bullet,0.5316716295001981,FALSE
100,O-5,3,Machine,0.061751472362609326,FALSE
100,O-5,3,Residual,0.6471651008486848,FALSE
100,O-5,4,Operator-Bullet-Machine,0,FALSE
100,O-5,4,Bullet-Operator,0.27075703379468974,FALSE
100,O-5,4,Operator-Machine,0,FALSE
100,O-5,4,Operator,0.030336386708665806,FALSE
100,O-5,4,Bullet-Machine,0,FALSE
100,O-5,4,Bullet,0.5119096711612111,FALSE
100,O-5,4,Machine,0.06323300445280416,FALSE
100,O-5,4,Residual,0.6081628909586874,FALSE
100,O-5,5,Operator-Bullet-Machine,0,FALSE
100,O-5,5,Bullet-Operator,0.28662221934229487,FALSE
100,O-5,5,Operator-Machine,0,FALSE
100,O-5,5,Operator,0.050731574504599974,FALSE
100,O-5,5,Bullet-Machine,0,FALSE
100,O-5,5,Bullet,0.4377952850221255,FALSE
100,O-5,5,Machine,0.05386695585657706,FALSE
100,O-5,5,Residual,0.5616012347177142,FALSE
100,O-5,6,Operator-Bullet-Machine,0,FALSE
100,O-5,6,Bullet-Operator,0.31568829771130263,FALSE
100,O-5,6,Operator-Machine,8.948145721914563e-6,FALSE
100,O-5,6,Operator,0.06643019622742563,FALSE
100,O-5,6,Bullet-Machine,0,FALSE
100,O-5,6,Bullet,0.3846102828430343,FALSE
100,O-5,6,Machine,0.035055013503634484,FALSE
100,O-5,6,Residual,0.5419572383988113,FALSE
100,O-5,7,Operator-Bullet-Machine,0,FALSE
100,O-5,7,Bullet-Operator,0.2717413838910216,FALSE
100,O-5,7,Operator-Machine,0,FALSE
100,O-5,7,Operator,0.07483583813096151,FALSE
100,O-5,7,Bullet-Machine,0,FALSE
100,O-5,7,Bullet,0.37763220005235737,FALSE
100,O-5,7,Machine,0.042835111581225244,FALSE
100,O-5,7,Residual,0.5117426876625787,FALSE
100,O-5,8,Operator-Bullet-Machine,0,FALSE
100,O-5,8,Bullet-Operator,0.2679838339447747,FALSE
100,O-5,8,Operator-Machine,0,FALSE
100,O-5,8,Operator,0.07732054795383031,FALSE
100,O-5,8,Bullet-Machine,0,FALSE
100,O-5,8,Bullet,0.4083697721540819,FALSE
100,O-5,8,Machine,0.04335919829108978,FALSE
100,O-5,8,Residual,0.5160572366381037,FALSE
100,O-5,9,Operator-Bullet-Machine,1.3046306752648302e-5,FALSE
100,O-5,9,Bullet-Operator,0.22712952112630985,FALSE
100,O-5,9,Operator-Machine,0,FALSE
100,O-5,9,Operator,0.07695040147670475,FALSE
100,O-5,9,Bullet-Machine,0,FALSE
100,O-5,9,Bullet,0.3815945551114586,FALSE
100,O-5,9,Machine,0.06391385881210904,FALSE
100,O-5,9,Residual,0.5208919717120378,FALSE
100,O-6,4,Operator-Bullet-Machine,7.118323517249138e-4,FALSE
100,O-6,4,Bullet-Operator,0.3248256615477542,FALSE
100,O-6,4,Operator-Machine,0,FALSE
100,O-6,4,Operator,0.2767836699116855,FALSE
100,O-6,4,Bullet-Machine,0.11434091760290553,FALSE
100,O-6,4,Bullet,1.2699580153391532,FALSE
100,O-6,4,Machine,0.08625986257681247,FALSE
100,O-6,4,Residual,1.8961029098269964,FALSE
100,O-6,5,Operator-Bullet-Machine,0,FALSE
100,O-6,5,Bullet-Operator,0.3307088507111963,FALSE
100,O-6,5,Operator-Machine,1.241145955520814e-4,FALSE
100,O-6,5,Operator,0.2619131095526821,FALSE
100,O-6,5,Bullet-Machine,0.06458110514750659,FALSE
100,O-6,5,Bullet,1.3017803073465164,FALSE
100,O-6,5,Machine,0.09585489998355635,FALSE
100,O-6,5,Residual,1.9079591805153295,FALSE
100,O-6,6,Operator-Bullet-Machine,5.810762794842077e-5,FALSE
100,O-6,6,Bullet-Operator,0.43142298821803415,FALSE
100,O-6,6,Operator-Machine,1.2743797969820154e-4,FALSE
100,O-6,6,Operator,0.2351792692640391,FALSE
100,O-6,6,Bullet-Machine,0.00902435164725706,FALSE
100,O-6,6,Bullet,1.3241532498829927,FALSE
100,O-6,6,Machine,0.005297036661137701,FALSE
100,O-6,6,Residual,1.9176741386383551,FALSE
100,O-6,7,Operator-Bullet-Machine,1.5303820286564137e-4,FALSE
100,O-6,7,Bullet-Operator,0.437820464161954,FALSE
100,O-6,7,Operator-Machine,0,FALSE
100,O-6,7,Operator,0.19446827079795068,FALSE
100,O-6,7,Bullet-Machine,4.087433348068088e-4,FALSE
100,O-6,7,Bullet,1.3373473097886825,FALSE
100,O-6,7,Machine,3.6072338917420254e-4,FALSE
100,O-6,7,Residual,1.9251507830232646,FALSE
100,O-6,8,Operator-Bullet-Machine,0,FALSE
100,O-6,8,Bullet-Operator,0.39414816003635084,FALSE
100,O-6,8,Operator-Machine,1.7138896331251943e-4,FALSE
100,O-6,8,Operator,0.2388797745085684,FALSE
100,O-6,8,Bullet-Machine,7.458938262726398e-5,FALSE
100,O-6,8,Bullet,1.3614862902978873,FALSE
100,O-6,8,Machine,0.012166935671466476,FALSE
100,O-6,8,Residual,1.9532116411567333,FALSE
100,O-6,9,Operator-Bullet-Machine,9.960754650550757e-5,FALSE
100,O-6,9,Bullet-Operator,0.34688186358700396,FALSE
100,O-6,9,Operator-Machine,0,FALSE
100,O-6,9,Operator,0.22031286289167618,FALSE
100,O-6,9,Bullet-Machine,0.0038085358453275294,FALSE
100,O-6,9,Bullet,1.3272746317908826,FALSE
100,O-6,9,Machine,0.059000864276636845,FALSE
100,O-6,9,Residual,1.9383327849999867,FALSE
100,O-6,10,Operator-Bullet-Machine,0,FALSE
100,O-6,10,Bullet-Operator,0.3939597499366214,FALSE
100,O-6,10,Operator-Machine,0.08767821433152073,FALSE
100,O-6,10,Operator,0.17172971022433967,FALSE
100,O-6,10,Bullet-Machine,0.05559144988393861,FALSE
100,O-6,10,Bullet,1.2847053333402885,FALSE
100,O-6,10,Machine,0.0042841108015441495,FALSE
100,O-6,10,Residual,1.9012880128712764,FALSE
100,O-6,1,Operator-Bullet-Machine,0,FALSE
100,O-6,1,Bullet-Operator,0.368783917002272,FALSE
100,O-6,1,Operator-Machine,0.18921569918321093,FALSE
100,O-6,1,Operator,0.08994504006278194,FALSE
100,O-6,1,Bullet-Machine,0,FALSE
100,O-6,1,Bullet,1.27307560896757,FALSE
100,O-6,1,Machine,0.05154845169052727,FALSE
100,O-6,1,Residual,1.901933394047901,FALSE
100,O-6,2,Operator-Bullet-Machine,2.2985402263185303e-4,FALSE
100,O-6,2,Bullet-Operator,0.3877414801571225,FALSE
100,O-6,2,Operator-Machine,0.129038827060407,FALSE
100,O-6,2,Operator,0.09949848508658013,FALSE
100,O-6,2,Bullet-Machine,3.2394141411980866e-4,FALSE
100,O-6,2,Bullet,1.2694268410256286,FALSE
100,O-6,2,Machine,0.09917277962688453,FALSE
100,O-6,2,Residual,1.9175185414197944,FALSE
100,O-6,3,Operator-Bullet-Machine,0,FALSE
100,O-6,3,Bullet-Operator,0.3511759588183836,FALSE
100,O-6,3,Operator-Machine,1.2217915187759422e-4,FALSE
100,O-6,3,Operator,0.23229290052386903,FALSE
100,O-6,3,Bullet-Machine,0.04224904190884579,FALSE
100,O-6,3,Bullet,1.2839565378571496,FALSE
100,O-6,3,Machine,0.07937344981258596,FALSE
100,O-6,3,Residual,1.9059680886259998,FALSE
100,Pooled,5,Operator-Bullet-Machine,2.485995834251832e-5,FALSE
100,Pooled,5,Bullet-Operator,0.21000878275982277,FALSE
100,Pooled,5,Operator-Machine,0,FALSE
100,Pooled,5,Operator,0.1074265451296901,FALSE
100,Pooled,5,Bullet-Machine,0.04723565317964933,FALSE
100,Pooled,5,Bullet,0.6558839222848735,FALSE
100,Pooled,5,Machine,0.07264425001869625,FALSE
100,Pooled,5,Residual,0.8611472312457527,FALSE
100,Pooled,6,Operator-Bullet-Machine,0,FALSE
100,Pooled,6,Bullet-Operator,0.24195940354665335,FALSE
100,Pooled,6,Operator-Machine,9.199228289170612e-5,FALSE
100,Pooled,6,Operator,0.0992955592424346,FALSE
100,Pooled,6,Bullet-Machine,0.04699821737057606,FALSE
100,Pooled,6,Bullet,0.6768677398828393,FALSE
100,Pooled,6,Machine,0.05997117274949774,FALSE
100,Pooled,6,Residual,0.8648150905379784,FALSE
100,Pooled,7,Operator-Bullet-Machine,0,FALSE
100,Pooled,7,Bullet-Operator,0.23471597231769253,FALSE
100,Pooled,7,Operator-Machine,6.037320368240281e-5,FALSE
100,Pooled,7,Operator,0.08411384411593013,FALSE
100,Pooled,7,Bullet-Machine,6.419216316842132e-5,FALSE
100,Pooled,7,Bullet,0.7140654150143649,FALSE
100,Pooled,7,Machine,0.06592270130027607,FALSE
100,Pooled,7,Residual,0.8701206024297492,FALSE
100,Pooled,8,Operator-Bullet-Machine,0,FALSE
100,Pooled,8,Bullet-Operator,0.22122809763444856,FALSE
100,Pooled,8,Operator-Machine,0,FALSE
100,Pooled,8,Operator,0.09554915035571127,FALSE
100,Pooled,8,Bullet-Machine,5.100946386740987e-4,FALSE
100,Pooled,8,Bullet,0.7410622423969835,FALSE
100,Pooled,8,Machine,0.062116740326668925,FALSE
100,Pooled,8,Residual,0.8626632986385279,FALSE
100,Pooled,9,Operator-Bullet-Machine,0,FALSE
100,Pooled,9,Bullet-Operator,0.19798289379082887,FALSE
100,Pooled,9,Operator-Machine,0,FALSE
100,Pooled,9,Operator,0.09234209416594896,FALSE
100,Pooled,9,Bullet-Machine,0.019240629678073533,FALSE
100,Pooled,9,Bullet,0.7339581899904862,FALSE
100,Pooled,9,Machine,0.06666583785624088,FALSE
100,Pooled,9,Residual,0.8563126066008512,FALSE
100,Pooled,10,Operator-Bullet-Machine,2.802736188348288e-4,FALSE
100,Pooled,10,Bullet-Operator,0.2135777282622458,FALSE
100,Pooled,10,Operator-Machine,0.01995404191530142,FALSE
100,Pooled,10,Operator,0.08519914274951491,FALSE
100,Pooled,10,Bullet-Machine,0.029060923053427622,FALSE
100,Pooled,10,Bullet,0.7346195193815002,FALSE
100,Pooled,10,Machine,0.07088200628858501,FALSE
100,Pooled,10,Residual,0.8765798150218984,FALSE
100,Pooled,1,Operator-Bullet-Machine,3.286804588856482e-5,FALSE
100,Pooled,1,Bullet-Operator,0.20635630891278747,FALSE
100,Pooled,1,Operator-Machine,0.06426138112558938,FALSE
100,Pooled,1,Operator,0.0740002721320873,FALSE
100,Pooled,1,Bullet-Machine,0,FALSE
100,Pooled,1,Bullet,0.7169888963128495,FALSE
100,Pooled,1,Machine,0.07511367524731724,FALSE
100,Pooled,1,Residual,0.8732820518632237,FALSE
100,Pooled,2,Operator-Bullet-Machine,5.8355358338166593e-05,FALSE
100,Pooled,2,Bullet-Operator,0.20702076519744952,FALSE
100,Pooled,2,Operator-Machine,0.04544300716443607,FALSE
100,Pooled,2,Operator,0.07229270781486988,FALSE
100,Pooled,2,Bullet-Machine,0,FALSE
100,Pooled,2,Bullet,0.7055440615061188,FALSE
100,Pooled,2,Machine,0.07916604438729946,FALSE
100,Pooled,2,Residual,0.8721125298613709,FALSE
100,Pooled,3,Operator-Bullet-Machine,0,FALSE
100,Pooled,3,Bullet-Operator,0.2008642788680424,FALSE
100,Pooled,3,Operator-Machine,2.582947089146622e-5,FALSE
100,Pooled,3,Operator,0.10089974749528027,FALSE
100,Pooled,3,Bullet-Machine,0.03281962249465228,FALSE
100,Pooled,3,Bullet,0.6962174600071546,FALSE
100,Pooled,3,Machine,0.07419716059134457,FALSE
100,Pooled,3,Residual,0.8614803650151454,FALSE
100,Pooled,4,Operator-Bullet-Machine,1.0143118653387389e-4,FALSE
100,Pooled,4,Bullet-Operator,0.20323960281743952,FALSE
100,Pooled,4,Operator-Machine,6.432804115778777e-5,FALSE
100,Pooled,4,Operator,0.11403077972343773,FALSE
100,Pooled,4,Bullet-Machine,0.05181552275531271,FALSE
100,Pooled,4,Bullet,0.6719940298485552,FALSE
100,Pooled,4,Machine,0.07562122539415578,FALSE
100,Pooled,4,Residual,0.8638868255857132,FALSE
100,O-1,3,Operator-Bullet-Machine,0,TRUE
100,O-1,3,Operator-Machine,0.051580421017775324,TRUE
100,O-1,3,Bullet-Operator,0.12183911199271948,TRUE
100,O-1,3,Operator,0.06660669139974205,TRUE
100,O-1,3,Bullet-Machine,0.038050476794131156,TRUE
100,O-1,3,Machine,0.09653940794327832,TRUE
100,O-1,3,Bullet,0.24314662898763603,TRUE
100,O-1,3,Residual,0.3331880985941154,TRUE
100,O-1,4,Operator-Bullet-Machine,0,TRUE
100,O-1,4,Operator-Machine,0.04595546384698923,TRUE
100,O-1,4,Bullet-Operator,0.0991868276655168,TRUE
100,O-1,4,Operator,0.07233307719074755,TRUE
100,O-1,4,Bullet-Machine,0.04513395225307295,TRUE
100,O-1,4,Machine,0.08772603123563426,TRUE
100,O-1,4,Bullet,0.29024130646093554,TRUE
100,O-1,4,Residual,0.3417007991709409,TRUE
100,O-1,5,Operator-Bullet-Machine,2.7453907272190887e-4,TRUE
100,O-1,5,Operator-Machine,0.03916918657391278,TRUE
100,O-1,5,Bullet-Operator,0.07815224998951292,TRUE
100,O-1,5,Operator,0.08949261721768223,TRUE
100,O-1,5,Bullet-Machine,0.04277108582903596,TRUE
100,O-1,5,Machine,0.08760703379320729,TRUE
100,O-1,5,Bullet,0.299825484327855,TRUE
100,O-1,5,Residual,0.3323133443832222,TRUE
100,O-1,6,Operator-Bullet-Machine,0.04633075079536648,TRUE
100,O-1,6,Operator-Machine,0.02628178973279396,TRUE
100,O-1,6,Bullet-Operator,0.05196253119808513,TRUE
100,O-1,6,Operator,0.09801445126218497,TRUE
100,O-1,6,Bullet-Machine,0.03940075576725754,TRUE
100,O-1,6,Machine,0.09438967411403777,TRUE
100,O-1,6,Bullet,0.2636964162123438,TRUE
100,O-1,6,Residual,0.30420666074673947,TRUE
100,O-1,7,Operator-Bullet-Machine,0.03297656251427348,TRUE
100,O-1,7,Operator-Machine,0.042097689283036754,TRUE
100,O-1,7,Bullet-Operator,0.07088729472259704,TRUE
100,O-1,7,Operator,0.0909771395801791,TRUE
100,O-1,7,Bullet-Machine,0.03697353873531951,TRUE
100,O-1,7,Machine,0.09226702354352437,TRUE
100,O-1,7,Bullet,0.23827676603641734,TRUE
100,O-1,7,Residual,0.28841421730607364,TRUE
100,O-1,8,Operator-Bullet-Machine,7.225980659612588e-5,TRUE
100,O-1,8,Operator-Machine,0.04163726162980624,TRUE
100,O-1,8,Bullet-Operator,0.10564094164765894,TRUE
100,O-1,8,Operator,0.08136532932087517,TRUE
100,O-1,8,Bullet-Machine,0.036905633050733355,TRUE
100,O-1,8,Machine,0.07750306980684424,TRUE
100,O-1,8,Bullet,0.23971815101030222,TRUE
100,O-1,8,Residual,0.2952578301464135,TRUE
100,O-1,9,Operator-Bullet-Machine,4.1666875190987075e-5,TRUE
100,O-1,9,Operator-Machine,0.03090898423837784,TRUE
100,O-1,9,Bullet-Operator,0.13002646064848317,TRUE
100,O-1,9,Operator,0.06737874091248629,TRUE
100,O-1,9,Bullet-Machine,0.043727881316424716,TRUE
100,O-1,9,Machine,0.0674251312378446,TRUE
100,O-1,9,Bullet,0.23781870595205962,TRUE
100,O-1,9,Residual,0.3166902116994156,TRUE
100,O-1,10,Operator-Bullet-Machine,1.0366072862142018e-5,TRUE
100,O-1,10,Operator-Machine,0.04330447304706098,TRUE
100,O-1,10,Bullet-Operator,0.11092432466869283,TRUE
100,O-1,10,Operator,0.07042584930308851,TRUE
100,O-1,10,Bullet-Machine,0.044118176828357884,TRUE
100,O-1,10,Machine,0.08229791783670501,TRUE
100,O-1,10,Bullet,0.21662982669920447,TRUE
100,O-1,10,Residual,0.30906185492735083,TRUE
100,O-1,1,Operator-Bullet-Machine,5.035664712981589e-5,TRUE
100,O-1,1,Operator-Machine,0.060136959477114914,TRUE
100,O-1,1,Bullet-Operator,0.09099607285928184,TRUE
100,O-1,1,Operator,0.06947004063433403,TRUE
100,O-1,1,Bullet-Machine,0.03834808199736549,TRUE
100,O-1,1,Machine,0.10253474609573276,TRUE
100,O-1,1,Bullet,0.19872722403802076,TRUE
100,O-1,1,Residual,0.3199052335847065,TRUE
100,O-1,2,Operator-Bullet-Machine,0,TRUE
100,O-1,2,Operator-Machine,0.06142935783382486,TRUE
100,O-1,2,Bullet-Operator,0.09008510551225571,TRUE
100,O-1,2,Operator,0.07752412425190694,TRUE
100,O-1,2,Bullet-Machine,0.03273050957994006,TRUE
100,O-1,2,Machine,0.10710544829678363,TRUE
100,O-1,2,Bullet,0.2118380215576947,TRUE
100,O-1,2,Residual,0.31652729978538546,TRUE
100,O-4,9,Operator-Bullet-Machine,0.04640885172183754,TRUE
100,O-4,9,Operator-Machine,0.08834464872034041,TRUE
100,O-4,9,Bullet-Operator,0.10545099737121306,TRUE
100,O-4,9,Operator,0.056388940423503196,TRUE
100,O-4,9,Bullet-Machine,0.0025433064997596455,TRUE
100,O-4,9,Machine,0.06946882263624746,TRUE
100,O-4,9,Bullet,0.19147413397294585,TRUE
100,O-4,9,Residual,0.38226460753028896,TRUE
100,O-4,10,Operator-Bullet-Machine,2.2575003341265278e-4,TRUE
100,O-4,10,Operator-Machine,0.08839031595484455,TRUE
100,O-4,10,Bullet-Operator,0.10226548872370207,TRUE
100,O-4,10,Operator,0.05823435594320085,TRUE
100,O-4,10,Bullet-Machine,1.0877354670510566e-4,TRUE
100,O-4,10,Machine,0.06803856061304717,TRUE
100,O-4,10,Bullet,0.19213492139033814,TRUE
100,O-4,10,Residual,0.3995051451073322,TRUE
100,O-4,1,Operator-Bullet-Machine,0.008459163819972616,TRUE
100,O-4,1,Operator-Machine,0.08121441551760741,TRUE
100,O-4,1,Bullet-Operator,0.10041199139427227,TRUE
100,O-4,1,Operator,0.06747133379945632,TRUE
100,O-4,1,Bullet-Machine,0,TRUE
100,O-4,1,Machine,0.053984744008042825,TRUE
100,O-4,1,Bullet,0.1785248179634705,TRUE
100,O-4,1,Residual,0.4141742727034077,TRUE
100,O-4,2,Operator-Bullet-Machine,0.019425124359975048,TRUE
100,O-4,2,Operator-Machine,0.05735158898900405,TRUE
100,O-4,2,Bullet-Operator,0.10388473840238426,TRUE
100,O-4,2,Operator,0.07119488036679858,TRUE
100,O-4,2,Bullet-Machine,0,TRUE
100,O-4,2,Machine,0.04111666915350927,TRUE
100,O-4,2,Bullet,0.1519083070104476,TRUE
100,O-4,2,Residual,0.41478717304218454,TRUE
100,O-4,3,Operator-Bullet-Machine,1.5413172683185033e-4,TRUE
100,O-4,3,Operator-Machine,0.060504691272344556,TRUE
100,O-4,3,Bullet-Operator,0.10239662356334976,TRUE
100,O-4,3,Operator,0.06022768655045834,TRUE
100,O-4,3,Bullet-Machine,0.025668693861367456,TRUE
100,O-4,3,Machine,0.0488157046440636,TRUE
100,O-4,3,Bullet,0.11611466965670535,TRUE
100,O-4,3,Residual,0.39259430336419127,TRUE
100,O-4,4,Operator-Bullet-Machine,1.3514964340668722e-5,TRUE
100,O-4,4,Operator-Machine,0.06502352930481192,TRUE
100,O-4,4,Bullet-Operator,0.10369885712715386,TRUE
100,O-4,4,Operator,0.05679203945431192,TRUE
100,O-4,4,Bullet-Machine,0.013452818331590247,TRUE
100,O-4,4,Machine,0.06121236324401008,TRUE
100,O-4,4,Bullet,0.11773624268890409,TRUE
100,O-4,4,Residual,0.36851529507257647,TRUE
100,O-4,5,Operator-Bullet-Machine,0,TRUE
100,O-4,5,Operator-Machine,0.07152491340641555,TRUE
100,O-4,5,Bullet-Operator,0.09959887029021194,TRUE
100,O-4,5,Operator,0.07247042682480957,TRUE
100,O-4,5,Bullet-Machine,7.242004565259565e-6,TRUE
100,O-4,5,Machine,0.048387558445343544,TRUE
100,O-4,5,Bullet,0.14280414848629927,TRUE
100,O-4,5,Residual,0.3540448626478548,TRUE
100,O-4,6,Operator-Bullet-Machine,0,TRUE
100,O-4,6,Operator-Machine,0.07978311644865954,TRUE
100,O-4,6,Bullet-Operator,0.08253590784934889,TRUE
100,O-4,6,Operator,0.07670586343200778,TRUE
100,O-4,6,Bullet-Machine,9.023208806165164e-5,TRUE
100,O-4,6,Machine,0.03490104689402391,TRUE
100,O-4,6,Bullet,0.15277241973835695,TRUE
100,O-4,6,Residual,0.38277944442431194,TRUE
100,O-4,7,Operator-Bullet-Machine,1.2791457239450313e-4,TRUE
100,O-4,7,Operator-Machine,0.07448133661403716,TRUE
100,O-4,7,Bullet-Operator,0.07537564034445703,TRUE
100,O-4,7,Operator,0.06822698526309827,TRUE
100,O-4,7,Bullet-Machine,9.56175228893048e-5,TRUE
100,O-4,7,Machine,0.0507868807318356,TRUE
100,O-4,7,Bullet,0.1568972175337059,TRUE
100,O-4,7,Residual,0.4359730238950419,TRUE
100,O-4,8,Operator-Bullet-Machine,0.01292947556227576,TRUE
100,O-4,8,Operator-Machine,0.07692541429276133,TRUE
100,O-4,8,Bullet-Operator,0.09994136762078788,TRUE
100,O-4,8,Operator,0.06564531410759887,TRUE
100,O-4,8,Bullet-Machine,0.012898927032882122,TRUE
100,O-4,8,Machine,0.06099073545517823,TRUE
100,O-4,8,Bullet,0.17896906082436462,TRUE
100,O-4,8,Residual,0.3907882324619475,TRUE
100,O-6,4,Operator-Bullet-Machine,0.0015769614421682013,TRUE
100,O-6,4,Operator-Machine,0.014243251843239768,TRUE
100,O-6,4,Bullet-Operator,0.003459422329034313,TRUE
100,O-6,4,Operator,0.10959314024420928,TRUE
100,O-6,4,Bullet-Machine,0,TRUE
100,O-6,4,Machine,0,TRUE
100,O-6,4,Bullet,0.34856985031989257,TRUE
100,O-6,4,Residual,0.4185866323223623,TRUE
100,O-6,5,Operator-Bullet-Machine,0.0033920140983280376,TRUE
100,O-6,5,Operator-Machine,0.010772843184981647,TRUE
100,O-6,5,Bullet-Operator,0.10043334334061822,TRUE
100,O-6,5,Operator,0.016595802263296017,TRUE
100,O-6,5,Bullet-Machine,0,TRUE
100,O-6,5,Machine,4.709254470304523e-5,TRUE
100,O-6,5,Bullet,0.27734485079004584,TRUE
100,O-6,5,Residual,0.3934643614336264,TRUE
100,O-6,6,Operator-Bullet-Machine,0.00939817585778046,TRUE
100,O-6,6,Operator-Machine,0.032314438465782885,TRUE
100,O-6,6,Bullet-Operator,0.03491126129043078,TRUE
100,O-6,6,Operator,0.07759270689079534,TRUE
100,O-6,6,Bullet-Machine,0.0335451265615869,TRUE
100,O-6,6,Machine,2.481424294071815e-4,TRUE
100,O-6,6,Bullet,0.311248122585624,TRUE
100,O-6,6,Residual,0.35230024985582986,TRUE
100,O-6,7,Operator-Bullet-Machine,1.1288025394355888e-4,TRUE
100,O-6,7,Operator-Machine,5.26168254823411e-5,TRUE
100,O-6,7,Bullet-Operator,0.044555321666773194,TRUE
100,O-6,7,Operator,0.06515490717881034,TRUE
100,O-6,7,Bullet-Machine,0.05380275832990551,TRUE
100,O-6,7,Machine,0.034308502905795894,TRUE
100,O-6,7,Bullet,0.30173256033838003,TRUE
100,O-6,7,Residual,0.3282119657321247,TRUE
100,O-6,8,Operator-Bullet-Machine,8.20866597081894e-5,TRUE
100,O-6,8,Operator-Machine,0,TRUE
100,O-6,8,Bullet-Operator,0.05243254320747176,TRUE
100,O-6,8,Operator,0.03806166347958959,TRUE
100,O-6,8,Bullet-Machine,0.02289581247715049,TRUE
100,O-6,8,Machine,0.05197927969534172,TRUE
100,O-6,8,Bullet,0.2597574804665257,TRUE
100,O-6,8,Residual,0.34794655167833416,TRUE
100,O-6,9,Operator-Bullet-Machine,0,TRUE
100,O-6,9,Operator-Machine,3.7505413210416305e-4,TRUE
100,O-6,9,Bullet-Operator,0.0027378853912769026,TRUE
100,O-6,9,Operator,0.048367293638022606,TRUE
100,O-6,9,Bullet-Machine,0.03745896072406501,TRUE
100,O-6,9,Machine,0.04052825717949565,TRUE
100,O-6,9,Bullet,0.4600560382323885,TRUE
100,O-6,9,Residual,0.3667849312416629,TRUE
100,O-6,10,Operator-Bullet-Machine,0.04037654998836861,TRUE
100,O-6,10,Operator-Machine,0,TRUE
100,O-6,10,Bullet-Operator,0.009173980954018838,TRUE
100,O-6,10,Operator,0.04461517604744232,TRUE
100,O-6,10,Bullet-Machine,0.03505885951536994,TRUE
100,O-6,10,Machine,0.05338404698572528,TRUE
100,O-6,10,Bullet,0.4607519391268009,TRUE
100,O-6,10,Residual,0.3682615391600134,TRUE
100,O-6,1,Operator-Bullet-Machine,0.043409277546187834,TRUE
100,O-6,1,Operator-Machine,6.726058312389293e-4,TRUE
100,O-6,1,Bullet-Operator,0.062009275438896214,TRUE
100,O-6,1,Operator,4.8319914305918333e-4,TRUE
100,O-6,1,Bullet-Machine,0.04498177902161345,TRUE
100,O-6,1,Machine,0.055469912010357114,TRUE
100,O-6,1,Bullet,0.3890357147454679,TRUE
100,O-6,1,Residual,0.3627877166001714,TRUE
100,O-6,2,Operator-Bullet-Machine,0.013821734437764095,TRUE
100,O-6,2,Operator-Machine,0.01766440088176075,TRUE
100,O-6,2,Bullet-Operator,0.073020751924187,TRUE
100,O-6,2,Operator,0.006770648398555283,TRUE
100,O-6,2,Bullet-Machine,0.007344015894231275,TRUE
100,O-6,2,Machine,0.05715723461581044,TRUE
100,O-6,2,Bullet,0.148763262052211,TRUE
100,O-6,2,Residual,0.3751799519569521,TRUE
100,O-6,3,Operator-Bullet-Machine,0.025149538256299644,TRUE
100,O-6,3,Operator-Machine,0.006284650734902777,TRUE
100,O-6,3,Bullet-Operator,0.02874439725025248,TRUE
100,O-6,3,Operator,0.08026656326856357,TRUE
100,O-6,3,Bullet-Machine,1.399851581670444e-5,TRUE
100,O-6,3,Machine,0.009817254858012827,TRUE
100,O-6,3,Bullet,0.3331094587978246,TRUE
100,O-6,3,Residual,0.4085835698456901,TRUE
100,Pooled,3,Operator-Bullet-Machine,3.704829623327941e-5,TRUE
100,Pooled,3,Bullet-Operator,0.15661157752838747,TRUE
100,Pooled,3,Operator-Machine,2.2719546068431278e-5,TRUE
100,Pooled,3,Operator,0.0503198930553541,TRUE
100,Pooled,3,Bullet-Machine,0.011323652474149714,TRUE
100,Pooled,3,Bullet,0.4601514146509377,TRUE
100,Pooled,3,Machine,0.07869448884621859,TRUE
100,Pooled,3,Residual,0.4906662962354546,TRUE
100,Pooled,4,Operator-Bullet-Machine,0,TRUE
100,Pooled,4,Bullet-Operator,0.1621437018841205,TRUE
100,Pooled,4,Operator-Machine,0,TRUE
100,Pooled,4,Operator,0.05153323865693315,TRUE
100,Pooled,4,Bullet-Machine,8.365965418017855e-5,TRUE
100,Pooled,4,Bullet,0.4232417235606296,TRUE
100,Pooled,4,Machine,0.0789097442138528,TRUE
100,Pooled,4,Residual,0.4745496628331292,TRUE
100,Pooled,5,Operator-Bullet-Machine,9.482445382931253e-6,TRUE
100,Pooled,5,Bullet-Operator,0.1634954005262487,TRUE
100,Pooled,5,Operator-Machine,6.328685030052113e-5,TRUE
100,Pooled,5,Operator,0.05692422710430145,TRUE
100,Pooled,5,Bullet-Machine,5.0241177279402755e-5,TRUE
100,Pooled,5,Bullet,0.3830343697774602,TRUE
100,Pooled,5,Machine,0.07538562455074443,TRUE
100,Pooled,5,Residual,0.4589941091426556,TRUE
100,Pooled,6,Operator-Bullet-Machine,0,TRUE
100,Pooled,6,Bullet-Operator,0.17316039705108185,TRUE
100,Pooled,6,Operator-Machine,0,TRUE
100,Pooled,6,Operator,0.05867230424643002,TRUE
100,Pooled,6,Bullet-Machine,0,TRUE
100,Pooled,6,Bullet,0.37486180891561893,TRUE
100,Pooled,6,Machine,0.07255110925438225,TRUE
100,Pooled,6,Residual,0.4601374077092606,TRUE
100,Pooled,7,Operator-Bullet-Machine,0,TRUE
100,Pooled,7,Bullet-Operator,0.16073943035355745,TRUE
100,Pooled,7,Operator-Machine,0,TRUE
100,Pooled,7,Operator,0.052937007384748394,TRUE
100,Pooled,7,Bullet-Machine,0,TRUE
100,Pooled,7,Bullet,0.4002427794272408,TRUE
100,Pooled,7,Machine,0.07546596498108527,TRUE
100,Pooled,7,Residual,0.4661469623415034,TRUE
100,Pooled,8,Operator-Bullet-Machine,4.279301097159761e-5,TRUE
100,Pooled,8,Bullet-Operator,0.16440857763745695,TRUE
100,Pooled,8,Operator-Machine,0.0010598988496418986,TRUE
100,Pooled,8,Operator,0.05269347862501544,TRUE
100,Pooled,8,Bullet-Machine,2.5311659901954457e-5,TRUE
100,Pooled,8,Bullet,0.4393871042828501,TRUE
100,Pooled,8,Machine,0.07097292110187646,TRUE
100,Pooled,8,Residual,0.45885355160653907,TRUE
100,Pooled,9,Operator-Bullet-Machine,0.02279532211165374,TRUE
100,Pooled,9,Bullet-Operator,0.14573945459415028,TRUE
100,Pooled,9,Operator-Machine,0.030699940211322677,TRUE
100,Pooled,9,Operator,0.053104805314323066,TRUE
100,Pooled,9,Bullet-Machine,2.198463738207038e-4,TRUE
100,Pooled,9,Bullet,0.45820639365677585,TRUE
100,Pooled,9,Machine,0.07310455452632374,TRUE
100,Pooled,9,Residual,0.45648452047029825,TRUE
100,Pooled,10,Operator-Bullet-Machine,0,TRUE
100,Pooled,10,Bullet-Operator,0.1528493955734055,TRUE
100,Pooled,10,Operator-Machine,0,TRUE
100,Pooled,10,Operator,0.06378264604898078,TRUE
100,Pooled,10,Bullet-Machine,0,TRUE
100,Pooled,10,Bullet,0.5072235810592146,TRUE
100,Pooled,10,Machine,0.08130376493452873,TRUE
100,Pooled,10,Residual,0.5215472410403583,TRUE
100,Pooled,1,Operator-Bullet-Machine,0,TRUE
100,Pooled,1,Bullet-Operator,0.15658724091485318,TRUE
100,Pooled,1,Operator-Machine,0,TRUE
100,Pooled,1,Operator,0.06716343181714833,TRUE
100,Pooled,1,Bullet-Machine,0,TRUE
100,Pooled,1,Bullet,0.4944762640291214,TRUE
100,Pooled,1,Machine,0.08161779967230982,TRUE
100,Pooled,1,Residual,0.5192194021941928,TRUE
100,Pooled,2,Operator-Bullet-Machine,2.2749938980592402e-5,TRUE
100,Pooled,2,Bullet-Operator,0.15154776210899773,TRUE
100,Pooled,2,Operator-Machine,0,TRUE
100,Pooled,2,Operator,0.0611355018345151,TRUE
100,Pooled,2,Bullet-Machine,0,TRUE
100,Pooled,2,Bullet,0.47777548639446366,TRUE
100,Pooled,2,Machine,0.07929324663572809,TRUE
100,Pooled,2,Residual,0.5068751049356754,TRUE
